{"BTC-KRW": 50180700.891323686, "ETH-KRW": 9156883.691380775, "SOL-KRW": 18398247.38076726, "XRP-KRW": 12055662.05097411, "DOGE-KRW": 86234952.4038286}